{"version":"0.4","title":"About Us Page","type":"page","content":[{"id":"28ede919","settings":{"background_background":"classic","background_image":{"url":"https:\/\/astra.nayyarshaikh.com\/wp-content\/uploads\/2019\/01\/blog-post-6-700x441-1.jpg","id":161},"background_position":"center center","background_size":"cover","background_overlay_background":"gradient","background_overlay_color":"#3e42ad","background_overlay_color_b":"#6ec1e4","background_overlay_gradient_angle":{"unit":"deg","size":280},"background_overlay_opacity":{"unit":"px","size":0.85},"shape_divider_bottom":"opacity-tilt","padding":{"unit":"px","top":"100","right":"0","bottom":"100","left":"0","isLinked":false}},"elements":[{"id":"796d5af5","settings":{"_column_size":100},"elements":[{"id":"7aae258f","settings":{"title":"Who We Are\n","align":"center","title_color":"#ffffff","typography_typography":"custom","typography_font_family":"Source Sans Pro","typography_font_size":{"unit":"px","size":48},"typography_font_weight":"700","typography_line_height":{"unit":"px","size":""},"typography_letter_spacing":{"unit":"px","size":-2},"text_shadow_text_shadow":{"horizontal":9,"vertical":5,"blur":10,"color":"rgba(0,0,0,0.3)"}},"elements":[],"isInner":false,"widgetType":"heading","elType":"widget"},{"id":"7244a99","settings":{"title":"Acing elit. Phasellus eu ornare erat. Curabitur pulvinar elit id eros tincidunt.\n","align":"center","title_color":"#ffffff","typography_typography":"custom","typography_font_family":"Source Sans Pro","typography_font_size":{"unit":"px","size":21},"typography_font_weight":"400","typography_line_height":{"unit":"px","size":""}},"elements":[],"isInner":false,"widgetType":"heading","elType":"widget"}],"isInner":false,"elType":"column"}],"isInner":false,"elType":"section"},{"id":"45198dcb","settings":{"structure":"22"},"elements":[{"id":"223a3d13","settings":{"_column_size":66,"_inline_size":50,"content_position":"center"},"elements":[{"id":"77af59fc","settings":{"title":"The History Behind Our<\/br> International SEO Company\n","title_color":"#202020","typography_typography":"custom","typography_font_family":"Source Sans Pro","typography_font_size":{"unit":"px","size":38},"typography_font_weight":"700","typography_line_height":{"unit":"px","size":49}},"elements":[],"isInner":false,"widgetType":"heading","elType":"widget"},{"id":"38fc4bbf","settings":{"title":"Sed ut perspiciatis unde omnis iste natus error sit voluptatem accusaum doloremque laudantium, totam rem aperiam, eaque ipsa quae ab illo inventore veritatis et quasi architecto beatae vitae dicta sunt explicabo. Nemo enim ipsam voluptatem quia voluptas sit aspernatur aut odit aut fugit, sed quia consequuntur magni dolores eos qui ratione voluptatem.\n","title_color":"#5d5f64","typography_typography":"custom","typography_font_family":"Source Sans Pro","typography_font_size":{"unit":"px","size":18},"typography_font_weight":"400","typography_line_height":{"unit":"px","size":32}},"elements":[],"isInner":false,"widgetType":"heading","elType":"widget"}],"isInner":false,"elType":"column"},{"id":"28c297c","settings":{"_column_size":33,"_inline_size":49.332},"elements":[{"id":"623fc638","settings":{"image":{"url":"https:\/\/astra.nayyarshaikh.com\/wp-content\/uploads\/2019\/01\/who-we-are-intro.jpg","id":173}},"elements":[],"isInner":false,"widgetType":"image","elType":"widget"}],"isInner":false,"elType":"column"}],"isInner":false,"elType":"section"},{"id":"c4e49c7","settings":{"content_width":{"unit":"px","size":1440},"background_background":"classic","background_color":"#f7f8f9","padding":{"unit":"px","top":"50","right":"0","bottom":"50","left":"0","isLinked":false}},"elements":[{"id":"484b3063","settings":{"_column_size":100},"elements":[{"id":"2cba846d","settings":{"title":"The Right People In The Right Jobs\n","align":"center","title_color":"#202020","typography_typography":"custom","typography_font_family":"Source Sans Pro","typography_font_size":{"unit":"px","size":38},"typography_line_height":{"unit":"px","size":49},"typography_letter_spacing":{"unit":"px","size":-1},"typography_font_weight":"700"},"elements":[],"isInner":false,"widgetType":"heading","elType":"widget"},{"id":"2ad8a0e8","settings":{"title":"Sed ut perspiciatis unde omnis iste natus error sit voluptatem<\/br> accusantium doloremque laudantium.\n\n","align":"center","title_color":"#5d5f64","typography_typography":"custom","typography_font_family":"Source Sans Pro","typography_font_size":{"unit":"px","size":21},"typography_font_weight":"500","typography_line_height":{"unit":"px","size":25},"_padding":{"unit":"px","top":"0","right":"0","bottom":"30","left":"0","isLinked":false}},"elements":[],"isInner":false,"widgetType":"heading","elType":"widget"},{"id":"2833f8ae","settings":{"content_width":{"unit":"px","size":1280},"structure":"30"},"elements":[{"id":"3e149c17","settings":{"_column_size":33,"_inline_size":null,"background_background":"classic","padding":{"unit":"px","top":"30","right":"30","bottom":"30","left":"30","isLinked":true}},"elements":[{"id":"22e2b1","settings":{"image":{"url":"https:\/\/astra.nayyarshaikh.com\/wp-content\/uploads\/2019\/01\/team-3.jpg","id":172},"_margin":{"unit":"px","top":"0","right":"0","bottom":"0","left":"0","isLinked":true},"_padding":{"unit":"px","top":"0","right":"0","bottom":"0","left":"0","isLinked":true}},"elements":[],"isInner":false,"widgetType":"image","elType":"widget"},{"id":"29f65328","settings":{"title":"Tim Woods<br>CEO & Founder\n","title_color":"#202020","typography_typography":"custom","typography_font_family":"Source Sans Pro","typography_font_size":{"unit":"px","size":24},"typography_font_weight":"700","typography_line_height":{"unit":"px","size":33},"_margin":{"unit":"px","top":"-20","right":"0","bottom":"0","left":"0","isLinked":false},"_padding":{"unit":"px","top":"20","right":"20","bottom":"20","left":"20","isLinked":true},"_background_background":"classic","_background_color":"#ffffff"},"elements":[],"isInner":false,"widgetType":"heading","elType":"widget"},{"id":"56401653","settings":{"title":"At vero eos et accusamus et iusto odio dignissimos ducimus qui blanditiis praestium voluptatum deleniti atque.","title_color":"#5d5f64","typography_typography":"custom","typography_font_family":"Source Sans Pro","typography_font_size":{"unit":"px","size":18},"typography_font_weight":"500","typography_line_height":{"unit":"px","size":32},"_margin":{"unit":"px","top":"-20","right":"0","bottom":"0","left":"0","isLinked":false},"_padding":{"unit":"px","top":"20","right":"20","bottom":"20","left":"20","isLinked":true},"_background_background":"classic","_background_color":"#ffffff"},"elements":[],"isInner":false,"widgetType":"heading","elType":"widget"},{"id":"5cc6ac3d","settings":{"social_icon_list":[{"social":"fa fa-facebook","_id":"91f3779","link":{"url":"","is_external":"true","nofollow":""}},{"social":"fa fa-twitter","_id":"496315e","link":{"url":"","is_external":"true","nofollow":""}},{"social":"fa fa-google-plus","_id":"aba682e","link":{"url":"","is_external":"true","nofollow":""}}],"shape":"circle","align":"left","icon_color":"custom","icon_primary_color":"#ffffff","icon_secondary_color":"#7d7f83","icon_size":{"unit":"px","size":20},"_margin":{"unit":"px","top":"-20","right":"0","bottom":"0","left":"0","isLinked":false},"_padding":{"unit":"px","top":"20","right":"20","bottom":"20","left":"20","isLinked":true},"_background_background":"classic","_background_color":"#ffffff"},"elements":[],"isInner":false,"widgetType":"social-icons","elType":"widget"}],"isInner":true,"elType":"column"},{"id":"1454d508","settings":{"_column_size":33,"_inline_size":null,"background_background":"classic","padding":{"unit":"px","top":"30","right":"30","bottom":"30","left":"30","isLinked":true}},"elements":[{"id":"64a1298f","settings":{"image":{"url":"https:\/\/astra.nayyarshaikh.com\/wp-content\/uploads\/2019\/01\/team-1.jpg","id":171},"_margin":{"unit":"px","top":"0","right":"0","bottom":"0","left":"0","isLinked":true},"_padding":{"unit":"px","top":"0","right":"0","bottom":"0","left":"0","isLinked":true}},"elements":[],"isInner":false,"widgetType":"image","elType":"widget"},{"id":"60337c23","settings":{"title":"Tim Woods<br>CEO & Founder\n","title_color":"#202020","typography_typography":"custom","typography_font_family":"Source Sans Pro","typography_font_size":{"unit":"px","size":24},"typography_font_weight":"700","typography_line_height":{"unit":"px","size":33},"_margin":{"unit":"px","top":"-20","right":"0","bottom":"0","left":"0","isLinked":false},"_padding":{"unit":"px","top":"20","right":"20","bottom":"20","left":"20","isLinked":true},"_background_background":"classic","_background_color":"#ffffff"},"elements":[],"isInner":false,"widgetType":"heading","elType":"widget"},{"id":"73a5acaf","settings":{"title":"At vero eos et accusamus et iusto odio dignissimos ducimus qui blanditiis praestium voluptatum deleniti atque.","title_color":"#5d5f64","typography_typography":"custom","typography_font_family":"Source Sans Pro","typography_font_size":{"unit":"px","size":18},"typography_font_weight":"500","typography_line_height":{"unit":"px","size":32},"_margin":{"unit":"px","top":"-20","right":"0","bottom":"0","left":"0","isLinked":false},"_padding":{"unit":"px","top":"20","right":"20","bottom":"20","left":"20","isLinked":true},"_background_background":"classic","_background_color":"#ffffff"},"elements":[],"isInner":false,"widgetType":"heading","elType":"widget"},{"id":"4da91e1f","settings":{"social_icon_list":[{"social":"fa fa-facebook","_id":"91f3779","link":{"url":"","is_external":"true","nofollow":""}},{"social":"fa fa-twitter","_id":"496315e","link":{"url":"","is_external":"true","nofollow":""}},{"social":"fa fa-google-plus","_id":"aba682e","link":{"url":"","is_external":"true","nofollow":""}}],"shape":"circle","align":"left","icon_color":"custom","icon_primary_color":"#ffffff","icon_secondary_color":"#7d7f83","icon_size":{"unit":"px","size":20},"_margin":{"unit":"px","top":"-20","right":"0","bottom":"0","left":"0","isLinked":false},"_padding":{"unit":"px","top":"20","right":"20","bottom":"20","left":"20","isLinked":true},"_background_background":"classic","_background_color":"#ffffff"},"elements":[],"isInner":false,"widgetType":"social-icons","elType":"widget"}],"isInner":true,"elType":"column"},{"id":"72fe6e08","settings":{"_column_size":33,"_inline_size":null,"background_background":"classic","padding":{"unit":"px","top":"30","right":"30","bottom":"30","left":"30","isLinked":true}},"elements":[{"id":"7c7ccfac","settings":{"image":{"url":"https:\/\/astra.nayyarshaikh.com\/wp-content\/uploads\/2019\/01\/team-2.jpg","id":170},"_margin":{"unit":"px","top":"0","right":"0","bottom":"0","left":"0","isLinked":true},"_padding":{"unit":"px","top":"0","right":"0","bottom":"0","left":"0","isLinked":true}},"elements":[],"isInner":false,"widgetType":"image","elType":"widget"},{"id":"11d8402","settings":{"title":"Tim Woods<br>CEO & Founder\n","title_color":"#202020","typography_typography":"custom","typography_font_family":"Source Sans Pro","typography_font_size":{"unit":"px","size":24},"typography_font_weight":"700","typography_line_height":{"unit":"px","size":33},"_margin":{"unit":"px","top":"-20","right":"0","bottom":"0","left":"0","isLinked":false},"_padding":{"unit":"px","top":"20","right":"20","bottom":"20","left":"20","isLinked":true},"_background_background":"classic","_background_color":"#ffffff"},"elements":[],"isInner":false,"widgetType":"heading","elType":"widget"},{"id":"37cc0cf6","settings":{"title":"At vero eos et accusamus et iusto odio dignissimos ducimus qui blanditiis praestium voluptatum deleniti atque.","title_color":"#5d5f64","typography_typography":"custom","typography_font_family":"Source Sans Pro","typography_font_size":{"unit":"px","size":18},"typography_font_weight":"500","typography_line_height":{"unit":"px","size":32},"_margin":{"unit":"px","top":"-20","right":"0","bottom":"0","left":"0","isLinked":false},"_padding":{"unit":"px","top":"20","right":"20","bottom":"20","left":"20","isLinked":true},"_background_background":"classic","_background_color":"#ffffff"},"elements":[],"isInner":false,"widgetType":"heading","elType":"widget"},{"id":"17244ad","settings":{"social_icon_list":[{"social":"fa fa-facebook","_id":"91f3779","link":{"url":"","is_external":"true","nofollow":""}},{"social":"fa fa-twitter","_id":"496315e","link":{"url":"","is_external":"true","nofollow":""}},{"social":"fa fa-google-plus","_id":"aba682e","link":{"url":"","is_external":"true","nofollow":""}}],"shape":"circle","align":"left","icon_color":"custom","icon_primary_color":"#ffffff","icon_secondary_color":"#7d7f83","icon_size":{"unit":"px","size":20},"_margin":{"unit":"px","top":"-20","right":"0","bottom":"0","left":"0","isLinked":false},"_padding":{"unit":"px","top":"20","right":"20","bottom":"20","left":"20","isLinked":true},"_background_background":"classic","_background_color":"#ffffff"},"elements":[],"isInner":false,"widgetType":"social-icons","elType":"widget"}],"isInner":true,"elType":"column"}],"isInner":true,"elType":"section"}],"isInner":false,"elType":"column"}],"isInner":false,"elType":"section"},{"id":"20bc93fc","settings":{"structure":"20","margin":{"unit":"px","top":"0","right":0,"bottom":"0","left":0,"isLinked":false},"padding":{"unit":"px","top":"0","right":"0","bottom":"0","left":"0","isLinked":false}},"elements":[{"id":"42f955f2","settings":{"_column_size":50,"_inline_size":null},"elements":[{"id":"6e52ed48","settings":{"image":{"url":"https:\/\/astra.nayyarshaikh.com\/wp-content\/uploads\/2019\/01\/join-us-career-cta-1.jpg","id":191},"_margin":{"unit":"px","top":"0","right":"0","bottom":"0","left":"0","isLinked":false},"_padding":{"unit":"px","top":"0","right":"0","bottom":"0","left":"0","isLinked":false}},"elements":[],"isInner":false,"widgetType":"image","elType":"widget"}],"isInner":false,"elType":"column"},{"id":"b21ee5c","settings":{"_column_size":50,"_inline_size":null,"content_position":"center"},"elements":[{"id":"13729460","settings":{"title":"Are you Dedicated, Hardworking, and Fun? Join Us!","title_color":"#202020","typography_typography":"custom","typography_font_family":"Source Sans Pro","typography_font_size":{"unit":"px","size":38},"typography_font_weight":"700","typography_line_height":{"unit":"px","size":49}},"elements":[],"isInner":false,"widgetType":"heading","elType":"widget"},{"id":"67c0483d","settings":{"title":"Sed ut perspiciatis unde omnis iste natus error sit voluptatem accusaum doloremque laudantium, totam rem aperiam, eaque ipsa quae ab illo inventore veritatis et quasi architecto beatae vitae dicta sunt explicabo. Nemo enim ipsam voluptatem quia voluptas sit aspernatur aut odit aut fugit, sed quia consequuntur magni dolores eos qui ratione voluptatem.\n","title_color":"#5d5f64","typography_typography":"custom","typography_font_family":"Source Sans Pro","typography_font_size":{"unit":"px","size":18},"typography_font_weight":"400","typography_line_height":{"unit":"px","size":32}},"elements":[],"isInner":false,"widgetType":"heading","elType":"widget"},{"id":"6be73f0c","settings":{"text":"Contact US","typography_typography":"custom","typography_font_family":"Source Sans Pro","typography_font_size":{"unit":"px","size":14},"typography_font_weight":"700","typography_text_transform":"uppercase","typography_line_height":{"unit":"px","size":""},"typography_letter_spacing":{"unit":"px","size":1},"button_text_color":"#5d5f64","background_color":"rgba(0,0,0,0)","hover_color":"#607afe","button_background_hover_color":"rgba(0,0,0,0)","button_hover_border_color":"#607afe","border_border":"solid","border_width":{"unit":"px","top":"2","right":"2","bottom":"2","left":"2","isLinked":true},"border_color":"#5d5f64","border_radius":{"unit":"px","top":"30","right":"30","bottom":"30","left":"30","isLinked":true}},"elements":[],"isInner":false,"widgetType":"button","elType":"widget"}],"isInner":false,"elType":"column"}],"isInner":false,"elType":"section"},{"id":"1a1c3902","settings":{"content_width":{"unit":"px","size":1440},"background_background":"classic","padding":{"unit":"px","top":"100","right":"0","bottom":"100","left":"0","isLinked":false},"background_image":{"url":"https:\/\/astra.nayyarshaikh.com\/wp-content\/uploads\/2019\/01\/case-study-gallery-3-1200x900.jpg","id":103},"background_overlay_background":"classic","background_overlay_color":"#000000","background_size":"cover"},"elements":[{"id":"533b09ea","settings":{"_column_size":100},"elements":[{"id":"e217c1f","settings":{"title":"Start Your Free Consultation","align":"center","title_color":"#ffffff","typography_typography":"custom","typography_font_family":"Source Sans Pro","typography_font_size":{"unit":"px","size":38},"typography_line_height":{"unit":"px","size":49},"typography_letter_spacing":{"unit":"px","size":-1},"typography_font_weight":"700"},"elements":[],"isInner":false,"widgetType":"heading","elType":"widget"},{"id":"6d61b495","settings":{"title":"Sed ut perspiciatis unde omnis iste natus error sit voluptatem<\/br> accusantium doloremque laudantium.\n\n","align":"center","title_color":"#ffffff","typography_typography":"custom","typography_font_family":"Source Sans Pro","typography_font_size":{"unit":"px","size":21},"typography_font_weight":"500","typography_line_height":{"unit":"px","size":25},"_padding":{"unit":"px","top":"0","right":"0","bottom":"30","left":"0","isLinked":false}},"elements":[],"isInner":false,"widgetType":"heading","elType":"widget"},{"id":"2348bd79","settings":{"text":"Contact us now","align":"center","align_mobile":"right","typography_typography":"custom","typography_font_family":"Source Sans Pro","typography_font_size":{"unit":"px","size":14},"typography_font_size_tablet":{"unit":"px","size":12},"typography_font_weight":"600","typography_text_transform":"uppercase","typography_line_height":{"unit":"px","size":""},"typography_line_height_tablet":{"unit":"em","size":1},"typography_letter_spacing":{"unit":"px","size":1},"button_text_color":"#ffffff","background_color":"#ffa737","border_border":"solid","border_width":{"unit":"px","top":"0","right":"0","bottom":"0","left":"0","isLinked":true},"border_radius":{"unit":"px","top":"30","right":"30","bottom":"30","left":"30","isLinked":true},"text_padding":{"unit":"px","top":"10","right":"40","bottom":"10","left":"40","isLinked":false},"text_padding_tablet":{"unit":"px","top":"8","right":"20","bottom":"8","left":"20","isLinked":false},"_animation":"slideInUp","animation_duration":"slow"},"elements":[],"isInner":false,"widgetType":"button","elType":"widget"}],"isInner":false,"elType":"column"}],"isInner":false,"elType":"section"}]}