{"version":"0.4","title":"Contact Page Template","type":"page","content":[{"id":"63100fa8","settings":{"background_background":"classic","background_image":{"url":"https:\/\/astra.nayyarshaikh.com\/wp-content\/uploads\/2019\/01\/blog-post-6-700x441-1.jpg","id":161},"background_position":"center center","background_size":"cover","background_overlay_background":"gradient","background_overlay_color":"#3e42ad","background_overlay_color_b":"#6ec1e4","background_overlay_gradient_angle":{"unit":"deg","size":280},"background_overlay_opacity":{"unit":"px","size":0.85},"shape_divider_bottom":"opacity-tilt","padding":{"unit":"px","top":"100","right":"0","bottom":"100","left":"0","isLinked":false}},"elements":[{"id":"553834f6","settings":{"_column_size":100},"elements":[{"id":"7512a577","settings":{"title":"Contact Us","align":"center","title_color":"#ffffff","typography_typography":"custom","typography_font_family":"Source Sans Pro","typography_font_size":{"unit":"px","size":48},"typography_font_weight":"700","typography_line_height":{"unit":"px","size":""},"typography_letter_spacing":{"unit":"px","size":-2},"text_shadow_text_shadow":{"horizontal":9,"vertical":5,"blur":10,"color":"rgba(0,0,0,0.3)"}},"elements":[],"isInner":false,"widgetType":"heading","elType":"widget"},{"id":"385bac5e","settings":{"title":"Acing elit. Phasellus eu ornare erat. Curabitur pulvinar elit id eros tincidunt.\n","align":"center","title_color":"#ffffff","typography_typography":"custom","typography_font_family":"Source Sans Pro","typography_font_size":{"unit":"px","size":21},"typography_font_weight":"400","typography_line_height":{"unit":"px","size":""}},"elements":[],"isInner":false,"widgetType":"heading","elType":"widget"}],"isInner":false,"elType":"column"}],"isInner":false,"elType":"section"},{"id":"57619137","settings":{"structure":"22","content_width":{"unit":"px","size":1280},"background_color":"#f8f8f8","padding":{"unit":"px","top":"100","right":"0","bottom":"100","left":"0","isLinked":false}},"elements":[{"id":"d02632d","settings":{"_column_size":66,"_inline_size":50,"content_position":"top"},"elements":[{"id":"122413fc","settings":{"title":"Get in touch","title_color":"#202020","typography_typography":"custom","typography_font_family":"Source Sans Pro","typography_font_size":{"unit":"px","size":38},"typography_font_weight":"700","typography_line_height":{"unit":"px","size":49}},"elements":[],"isInner":false,"widgetType":"heading","elType":"widget"},{"id":"13e85edc","settings":{"title":"Suspendisse sed lorem nec dolor consequat aliquam. Morbi tempus est eu quam porttitor, id rutrum metus commodo. Ut sit amet quam eget erat mollis sagittis eu at urna. Integer a massa ex.","title_color":"#5d5f64","typography_typography":"custom","typography_font_family":"Source Sans Pro","typography_font_size":{"unit":"px","size":18},"typography_font_weight":"400","typography_line_height":{"unit":"px","size":32}},"elements":[],"isInner":false,"widgetType":"heading","elType":"widget"},{"id":"22d95d08","settings":{"structure":"20"},"elements":[{"id":"50a1dc11","settings":{"_column_size":50,"_inline_size":null},"elements":[{"id":"2d979387","settings":{"title":"New York","title_color":"#202020","typography_typography":"custom","typography_font_family":"Source Sans Pro","typography_font_size":{"unit":"px","size":18},"typography_font_weight":"700","typography_line_height":{"unit":"px","size":""}},"elements":[],"isInner":false,"widgetType":"heading","elType":"widget"},{"id":"628ef33","settings":{"title_text":"12345 North Main Street, New York, NY 555555","description_text":"","position":"left","primary_color":"#5d5f64","icon_size":{"unit":"px","size":20},"title_color":"#5d5f64","title_typography_typography":"custom","title_typography_font_family":"Source Sans Pro","title_typography_font_size":{"unit":"px","size":16},"title_typography_font_weight":"500","title_typography_line_height":{"unit":"px","size":27},"_margin":{"unit":"px","top":"0","right":"0","bottom":"0","left":"0","isLinked":true},"_padding":{"unit":"px","top":"0","right":"0","bottom":"0","left":"0","isLinked":true},"icon":"fa fa-map","icon_space_mobile":{"unit":"px","size":0},"text_align_mobile":"left"},"elements":[],"isInner":false,"widgetType":"icon-box","elType":"widget"},{"id":"17468d03","settings":{"icon":"fa fa-phone-square","title_text":"+1 (555) 555-1212","description_text":"","position":"left","primary_color":"#5d5f64","icon_size":{"unit":"px","size":20},"title_color":"#5d5f64","title_typography_typography":"custom","title_typography_font_family":"Source Sans Pro","title_typography_font_size":{"unit":"px","size":16},"title_typography_font_weight":"500","title_typography_line_height":{"unit":"px","size":27},"_margin":{"unit":"px","top":"0","right":"0","bottom":"0","left":"0","isLinked":true},"_padding":{"unit":"px","top":"0","right":"0","bottom":"0","left":"0","isLinked":true},"icon_space_mobile":{"unit":"px","size":0},"text_align_mobile":"left"},"elements":[],"isInner":false,"widgetType":"icon-box","elType":"widget"},{"id":"7597c195","settings":{"icon":"fa fa-envelope","title_text":"info@yourwebsite.com","description_text":"","position":"left","primary_color":"#5d5f64","icon_size":{"unit":"px","size":20},"title_color":"#5d5f64","title_typography_typography":"custom","title_typography_font_family":"Source Sans Pro","title_typography_font_size":{"unit":"px","size":16},"title_typography_font_weight":"500","title_typography_line_height":{"unit":"px","size":27},"_margin":{"unit":"px","top":"0","right":"0","bottom":"0","left":"0","isLinked":true},"_padding":{"unit":"px","top":"0","right":"0","bottom":"0","left":"0","isLinked":true},"icon_space_mobile":{"unit":"px","size":0},"text_align_mobile":"left"},"elements":[],"isInner":false,"widgetType":"icon-box","elType":"widget"}],"isInner":true,"elType":"column"},{"id":"2f4d3162","settings":{"_column_size":50,"_inline_size":null},"elements":[{"id":"5a0bed20","settings":{"title":"SAN DIEGO","title_color":"#202020","typography_typography":"custom","typography_font_family":"Source Sans Pro","typography_font_size":{"unit":"px","size":18},"typography_font_weight":"700","typography_line_height":{"unit":"px","size":""}},"elements":[],"isInner":false,"widgetType":"heading","elType":"widget"},{"id":"7c9317b5","settings":{"title_text":"12345 North Main Street, New York, NY 555555","description_text":"","position":"left","primary_color":"#5d5f64","icon_size":{"unit":"px","size":20},"title_color":"#5d5f64","title_typography_typography":"custom","title_typography_font_family":"Source Sans Pro","title_typography_font_size":{"unit":"px","size":16},"title_typography_font_weight":"500","title_typography_line_height":{"unit":"px","size":27},"_margin":{"unit":"px","top":"0","right":"0","bottom":"0","left":"0","isLinked":true},"_padding":{"unit":"px","top":"0","right":"0","bottom":"0","left":"0","isLinked":true},"icon":"fa fa-map","icon_space_mobile":{"unit":"px","size":0},"text_align_mobile":"left","title_bottom_space_mobile":{"unit":"px","size":0}},"elements":[],"isInner":false,"widgetType":"icon-box","elType":"widget"},{"id":"11670a8b","settings":{"icon":"fa fa-phone-square","title_text":"+1 (555) 555-1212","description_text":"","position":"left","primary_color":"#5d5f64","icon_size":{"unit":"px","size":20},"title_color":"#5d5f64","title_typography_typography":"custom","title_typography_font_family":"Source Sans Pro","title_typography_font_size":{"unit":"px","size":16},"title_typography_font_weight":"500","title_typography_line_height":{"unit":"px","size":27},"_margin":{"unit":"px","top":"0","right":"0","bottom":"0","left":"0","isLinked":true},"_padding":{"unit":"px","top":"0","right":"0","bottom":"0","left":"0","isLinked":true},"icon_space_mobile":{"unit":"px","size":0},"text_align_mobile":"left"},"elements":[],"isInner":false,"widgetType":"icon-box","elType":"widget"},{"id":"675eaf57","settings":{"icon":"fa fa-envelope","title_text":"info@yourwebsite.com","description_text":"","position":"left","primary_color":"#5d5f64","icon_size":{"unit":"px","size":20},"title_color":"#5d5f64","title_typography_typography":"custom","title_typography_font_family":"Source Sans Pro","title_typography_font_size":{"unit":"px","size":16},"title_typography_font_weight":"500","title_typography_line_height":{"unit":"px","size":27},"_margin":{"unit":"px","top":"0","right":"0","bottom":"0","left":"0","isLinked":true},"_padding":{"unit":"px","top":"0","right":"0","bottom":"0","left":"0","isLinked":true},"icon_space_mobile":{"unit":"px","size":0},"text_align_mobile":"left"},"elements":[],"isInner":false,"widgetType":"icon-box","elType":"widget"}],"isInner":true,"elType":"column"}],"isInner":true,"elType":"section"}],"isInner":false,"elType":"column"},{"id":"1f8b51ef","settings":{"_column_size":33,"_inline_size":49.332},"elements":[{"id":"13574b4d","settings":{"title":"How Can We Help?\n","title_color":"#202020","typography_typography":"custom","typography_font_family":"Source Sans Pro","typography_font_size":{"unit":"px","size":38},"typography_font_weight":"700","typography_line_height":{"unit":"px","size":49}},"elements":[],"isInner":false,"widgetType":"heading","elType":"widget"},{"id":"1f5f93ce","settings":{"title":"Praesent lectus leo, convallis id neque nec, ultrices euismod nibh. Sed ac rhoncus quam. Fusce tristique tellus diam, vel porta eros iaculis vitae. Maecenas porta feugiat massa non auctor.\n\n","title_color":"#5d5f64","typography_typography":"custom","typography_font_family":"Source Sans Pro","typography_font_size":{"unit":"px","size":18},"typography_font_weight":"400","typography_line_height":{"unit":"px","size":32}},"elements":[],"isInner":false,"widgetType":"heading","elType":"widget"},{"id":"4022dae5","settings":{"contact_form_list":"233","eael_contact_form_alignment":"left","eael_contact_form_width":{"unit":"px","size":""},"input_width":{"unit":"px","size":500},"textarea_width":{"unit":"px","size":500},"button_bg_color_normal":"#ffa737","button_text_color_normal":"#ffffff","button_border_radius":{"unit":"px","top":"30","right":"30","bottom":"30","left":"30","isLinked":true}},"elements":[],"isInner":false,"widgetType":"eael-contact-form-7","elType":"widget"}],"isInner":false,"elType":"column"}],"isInner":false,"elType":"section"},{"id":"73a3ba89","settings":{"stretch_section":"section-stretched","layout":"full_width","gap":"no","height":"min-height","custom_height":{"unit":"px","size":500},"margin":{"unit":"px","top":"0","right":0,"bottom":"0","left":0,"isLinked":true},"padding":{"unit":"px","top":"0","right":"0","bottom":"0","left":"0","isLinked":true}},"elements":[{"id":"3c9e6086","settings":{"_column_size":100},"elements":[{"id":"61065958","settings":{"address":"London Eye, London, United Kingdom","height":{"unit":"px","size":500},"_margin":{"unit":"px","top":"0","right":"0","bottom":"0","left":"0","isLinked":true},"_padding":{"unit":"px","top":"0","right":"0","bottom":"0","left":"0","isLinked":true}},"elements":[],"isInner":false,"widgetType":"google_maps","elType":"widget"}],"isInner":false,"elType":"column"}],"isInner":false,"elType":"section"},{"id":"4faf3e38","settings":{"structure":"20","margin":{"unit":"px","top":"0","right":0,"bottom":"0","left":0,"isLinked":false},"padding":{"unit":"px","top":"0","right":"0","bottom":"0","left":"0","isLinked":false},"stretch_section":"section-stretched","layout":"full_width"},"elements":[{"id":"73f0bce6","settings":{"_column_size":50,"_inline_size":null,"content_position":"center","padding":{"unit":"%","top":"15","right":"15","bottom":"15","left":"15","isLinked":true}},"elements":[{"id":"1b1cb407","settings":{"title":"Our Approach\n","title_color":"#202020","typography_typography":"custom","typography_font_family":"Source Sans Pro","typography_font_size":{"unit":"px","size":38},"typography_font_weight":"700","typography_line_height":{"unit":"px","size":49},"align":"center"},"elements":[],"isInner":false,"widgetType":"heading","elType":"widget"},{"id":"2a7c7138","settings":{"title":"Ut convallis, magna sed dapibus tincidunt, nulla lacus sollicitudin nisi, id commodo\n\n","title_color":"#5d5f64","typography_typography":"custom","typography_font_family":"Source Sans Pro","typography_font_size":{"unit":"px","size":18},"typography_font_weight":"400","typography_line_height":{"unit":"px","size":32},"align":"center"},"elements":[],"isInner":false,"widgetType":"heading","elType":"widget"},{"id":"778c8918","settings":{"text":"More about us","typography_typography":"custom","typography_font_family":"Source Sans Pro","typography_font_size":{"unit":"px","size":14},"typography_font_weight":"700","typography_text_transform":"uppercase","typography_line_height":{"unit":"px","size":""},"typography_letter_spacing":{"unit":"px","size":1},"button_text_color":"#ffffff","background_color":"#ffa737","hover_color":"#ffffff","button_background_hover_color":"#ffa737","border_width":{"unit":"px","top":"2","right":"2","bottom":"2","left":"2","isLinked":true},"border_color":"#5d5f64","border_radius":{"unit":"px","top":"30","right":"30","bottom":"30","left":"30","isLinked":true},"align":"center"},"elements":[],"isInner":false,"widgetType":"button","elType":"widget"}],"isInner":false,"elType":"column"},{"id":"2f36cd68","settings":{"_column_size":50,"_inline_size":null,"content_position":"center","background_background":"classic","background_color":"#eff1f3","padding":{"unit":"%","top":"15","right":"15","bottom":"15","left":"15","isLinked":true}},"elements":[{"id":"59fe9872","settings":{"title":"Services\n","title_color":"#202020","typography_typography":"custom","typography_font_family":"Source Sans Pro","typography_font_size":{"unit":"px","size":38},"typography_font_weight":"700","typography_line_height":{"unit":"px","size":49},"align":"center"},"elements":[],"isInner":false,"widgetType":"heading","elType":"widget"},{"id":"6c9f2e8f","settings":{"title":"Ut convallis, magna sed dapibus tincidunt, nulla lacus sollicitudin nisi, id commodo\n\n","title_color":"#5d5f64","typography_typography":"custom","typography_font_family":"Source Sans Pro","typography_font_size":{"unit":"px","size":18},"typography_font_weight":"400","typography_line_height":{"unit":"px","size":32},"align":"center"},"elements":[],"isInner":false,"widgetType":"heading","elType":"widget"},{"id":"2c4c6944","settings":{"text":"Our services","typography_typography":"custom","typography_font_family":"Source Sans Pro","typography_font_size":{"unit":"px","size":14},"typography_font_weight":"700","typography_text_transform":"uppercase","typography_line_height":{"unit":"px","size":""},"typography_letter_spacing":{"unit":"px","size":1},"button_text_color":"#ffffff","background_color":"#ffa737","hover_color":"#ffffff","button_background_hover_color":"#ffa737","border_width":{"unit":"px","top":"2","right":"2","bottom":"2","left":"2","isLinked":true},"border_color":"#5d5f64","border_radius":{"unit":"px","top":"30","right":"30","bottom":"30","left":"30","isLinked":true},"align":"center"},"elements":[],"isInner":false,"widgetType":"button","elType":"widget"}],"isInner":false,"elType":"column"}],"isInner":false,"elType":"section"},{"id":"33e08fa6","settings":{"background_background":"classic","padding":{"unit":"px","top":"40","right":"0","bottom":"40","left":"0","isLinked":false}},"elements":[{"id":"e3fda2f","settings":{"_column_size":100},"elements":[{"id":"3e707d40","settings":{"image":{"url":"https:\/\/astra.nayyarshaikh.com\/wp-content\/uploads\/2019\/01\/DemoLOGO.png","id":253},"image_size":"custom","image_custom_dimension":{"width":"","height":"41"}},"elements":[],"isInner":false,"widgetType":"image","elType":"widget"},{"id":"1ebedc6c","settings":{"content_width":{"unit":"px","size":650},"structure":"50","padding":{"unit":"px","top":"0","right":"0","bottom":"30","left":"0","isLinked":false}},"elements":[{"id":"7d46d1bf","settings":{"_column_size":20,"_inline_size":null,"_inline_size_mobile":30},"elements":[{"id":"431f2c45","settings":{"title":"Home","link":{"url":"https:\/\/astra.nayyarshaikh.com\/","is_external":"","nofollow":""},"align":"center","align_mobile":"right","title_color":"#5d5f64","typography_typography":"custom","typography_font_family":"Source Sans Pro","typography_font_size":{"unit":"px","size":14},"typography_font_weight":"400","typography_line_height":{"unit":"px","size":32}},"elements":[],"isInner":false,"widgetType":"heading","elType":"widget"}],"isInner":true,"elType":"column"},{"id":"5a65b948","settings":{"_column_size":20,"_inline_size":null,"_inline_size_mobile":30},"elements":[{"id":"44996c73","settings":{"title":"Who We Are","link":{"url":"https:\/\/astra.nayyarshaikh.com\/who-we-are\/","is_external":"","nofollow":""},"align":"center","align_mobile":"right","title_color":"#5d5f64","typography_typography":"custom","typography_font_family":"Source Sans Pro","typography_font_size":{"unit":"px","size":14},"typography_font_weight":"400","typography_line_height":{"unit":"px","size":32}},"elements":[],"isInner":false,"widgetType":"heading","elType":"widget"}],"isInner":true,"elType":"column"},{"id":"153b4885","settings":{"_column_size":20,"_inline_size":null,"_inline_size_mobile":30},"elements":[{"id":"72de9354","settings":{"title":"What We Do","link":{"url":"https:\/\/astra.nayyarshaikh.com\/what-we-do\/","is_external":"","nofollow":""},"align":"center","align_mobile":"right","title_color":"#5d5f64","typography_typography":"custom","typography_font_family":"Source Sans Pro","typography_font_size":{"unit":"px","size":14},"typography_font_weight":"400","typography_line_height":{"unit":"px","size":32}},"elements":[],"isInner":false,"widgetType":"heading","elType":"widget"}],"isInner":true,"elType":"column"},{"id":"6f71ab0a","settings":{"_column_size":20,"_inline_size":null,"_inline_size_mobile":45},"elements":[{"id":"3471a668","settings":{"title":"News","link":{"url":"https:\/\/astra.nayyarshaikh.com\/blog\/","is_external":"","nofollow":""},"align":"center","align_mobile":"right","title_color":"#5d5f64","typography_typography":"custom","typography_font_family":"Source Sans Pro","typography_font_size":{"unit":"px","size":14},"typography_font_weight":"400","typography_line_height":{"unit":"px","size":32}},"elements":[],"isInner":false,"widgetType":"heading","elType":"widget"}],"isInner":true,"elType":"column"},{"id":"1bd055bf","settings":{"_column_size":20,"_inline_size":null,"_inline_size_mobile":50},"elements":[{"id":"26a25310","settings":{"title":"Get In Touch","link":{"url":"https:\/\/astra.nayyarshaikh.com\/contact\/","is_external":"","nofollow":""},"align":"center","align_mobile":"left","title_color":"#5d5f64","typography_typography":"custom","typography_font_family":"Source Sans Pro","typography_font_size":{"unit":"px","size":14},"typography_font_weight":"400","typography_line_height":{"unit":"px","size":32}},"elements":[],"isInner":false,"widgetType":"heading","elType":"widget"}],"isInner":true,"elType":"column"}],"isInner":true,"elType":"section"},{"id":"403cd51d","settings":{"content_width":{"unit":"px","size":650},"structure":"30","padding":{"unit":"px","top":"0","right":"0","bottom":"20","left":"0","isLinked":false}},"elements":[{"id":"28d2b8ec","settings":{"_column_size":33,"_inline_size":null,"border_width":{"unit":"px","top":"0","right":"1","bottom":"0","left":"0","isLinked":false},"border_color":"#54595f"},"elements":[{"id":"497bb018","settings":{"title":"\u00a9 Copyright 2012 - 2019","align":"center","title_color":"#5d5f64","typography_typography":"custom","typography_font_family":"Source Sans Pro","typography_font_size":{"unit":"px","size":14},"typography_font_weight":"400","typography_line_height":{"unit":"px","size":32},"_border_border":"solid","_border_width":{"unit":"px","top":"0","right":"1","bottom":"0","left":"0","isLinked":false},"_border_width_mobile":{"unit":"px","top":"0","right":"0","bottom":"0","left":"0","isLinked":true},"_border_color":"#5d5f64"},"elements":[],"isInner":false,"widgetType":"heading","elType":"widget"}],"isInner":true,"elType":"column"},{"id":"68db43e6","settings":{"_column_size":33,"_inline_size":null,"border_width":{"unit":"px","top":"0","right":"1","bottom":"0","left":"0","isLinked":false},"border_color":"#54595f"},"elements":[{"id":"321627ba","settings":{"title":"Made with \u2764\ufe0f By Nayyar Shaikh","link":{"url":"https:\/\/astra.nayyarshaikh.com\/who-we-are\/","is_external":"","nofollow":""},"align":"center","title_color":"#5d5f64","typography_typography":"custom","typography_font_family":"Source Sans Pro","typography_font_size":{"unit":"px","size":14},"typography_font_weight":"400","typography_line_height":{"unit":"px","size":32},"_border_width":{"unit":"px","top":"0","right":"1","bottom":"0","left":"0","isLinked":false},"_border_color":"#5d5f64"},"elements":[],"isInner":false,"widgetType":"heading","elType":"widget"}],"isInner":true,"elType":"column"},{"id":"51a179a9","settings":{"_column_size":33,"_inline_size":null},"elements":[{"id":"68f593d2","settings":{"title":"All Rights Reserved","align":"center","title_color":"#5d5f64","typography_typography":"custom","typography_font_family":"Source Sans Pro","typography_font_size":{"unit":"px","size":14},"typography_font_weight":"400","typography_line_height":{"unit":"px","size":32},"_border_border":"solid","_border_width":{"unit":"px","top":"0","right":"0","bottom":"0","left":"1","isLinked":false},"_border_width_mobile":{"unit":"px","top":"0","right":"0","bottom":"0","left":"0","isLinked":true},"_border_color":"#5d5f64"},"elements":[],"isInner":false,"widgetType":"heading","elType":"widget"}],"isInner":true,"elType":"column"}],"isInner":true,"elType":"section"},{"id":"49fbed2a","settings":{"social_icon_list":[{"social":"fa fa-facebook","_id":"a96914e","link":{"url":"","is_external":"true","nofollow":""}},{"social":"fa fa-twitter","_id":"8c59f8d","link":{"url":"","is_external":"true","nofollow":""}},{"social":"fa fa-google-plus","_id":"998bab7","link":{"url":"","is_external":"true","nofollow":""}}],"icon_color":"custom","icon_primary_color":"rgba(93,95,100,0)","icon_secondary_color":"#5d5f64","hover_primary_color":"rgba(122,122,122,0)","hover_secondary_color":"#7a7a7a"},"elements":[],"isInner":false,"widgetType":"social-icons","elType":"widget"}],"isInner":false,"elType":"column"}],"isInner":false,"elType":"section"}]}